{"cameraMode":{"drawMode":0,"name":"Shaded","section":"Shading Mode"},"sceneLighting":true,"audioPlay":false,"sceneViewState":{"m_AlwaysRefresh":false,"showFog":true,"showSkybox":true,"showFlares":true,"showImageEffects":true,"showParticleSystems":true,"showVisualEffectGraphs":true,"m_FxEnabled":true},"in2DMode":false,"pivot":{"x":-0.11808179318904877,"y":0.91053307056427,"z":0.7300781011581421},"rotation":{"x":0.2347833514213562,"y":-0.006416320335119963,"z":0.0015493781538680196,"w":0.972030520439148},"size":26.605947494506837,"orthographic":false}